phase,milestone,objective,deliverables,dependencies,complexity,exit_criterion
MVP,Repo and toolchain bootstrap,Stand up pinned Hyperbook toolchain with EN book skeleton,Repo with hyperlibrary.json + en book; pinned hyperbook 0.104.x + lockfile + vendored tarball; local dev loop documented,Node 18+; GitHub repo,S,hyperbook build succeeds locally and renders sample pages with Mermaid and search
MVP,CI build and Pages deploy,Automate build-deploy on merge to main,GitHub Actions workflow build+deploy; basePath config verified; branch protection + required checks,Bootstrap milestone,S,Merge to main publishes site to GitHub Pages within 5 minutes
MVP,Canonical content migration,Port existing Markdown docs into book structure,Migrated en/book tree with frontmatter index ordering; glossary seeded; directive usage kept minimal in canonical files,CI deploy,M,All legacy pages reachable with correct navigation; zero build warnings
MVP,Post-build hardening script,Fix SEO gaps and add build guards per ADR-004,scripts/harden.mjs generating sitemap+robots+canonical+og fixes; CI fails on template warnings or page-count drift,CI deploy,M,Sitemap valid; og tags pass social debugger; CI fails on injected warning fixture
MVP,InterviewPrep template pipeline,Enable AI-derived pages as data plus template per ADR-002,templates/interview-prep.md.hbs; JSON Schema; CI schema validation; CODEOWNERS on derived dirs; sample .md.yml records,Canonical migration,M,AI-emitted .md.yml PR renders correct page and invalid record fails CI
Scale,Bilingual HU book,Add Hungarian book via hyperlibrary per ADR-003,hu/ tree mirrored; hyperlibrary.json EN root + hu basePath; translation-drift CI job; post-build HU string patch,Hardening script,M,/hu/ live with mirrored navigation; drift report runs weekly
Scale,Upstream contributions,Reduce patch surface by landing fixes upstream,PRs to openpatch/hyperbook: hu locale + Language union; og:title fix; sitemap generation,Bilingual HU book,S,At least hu.json PR submitted; patches removed for any merged fix
Scale,AI generation loop integration,Wire provider-abstracted AI layer to emit derived records incrementally,Generator job producing .md.yml diffs from changed canonical sources; PR automation; directive-whitelist linter; gitleaks in CI,InterviewPrep pipeline,L,Changed canonical page triggers regenerated derived record as reviewable PR; no direct pushes
Scale,Design pass,Professionalize visual identity away from workbook look,Custom fonts/colors/styles config; stylesheet suppressing bookmarks/QR/importExport chrome; og:image assets,MVP complete,M,Stakeholder sign-off on recruiter-facing look on desktop and mobile
Harden,Upgrade and rollback discipline,Institutionalize quarterly upgrade with smoke tests,Smoke-test book covering all used directives; Playwright screenshot diff; upgrade+rollback runbook section exercised,All Scale milestones,M,One full upgrade cycle executed including simulated rollback
Harden,Fork-readiness and continuity,Insure against bus-factor-1 upstream,Mirrored source repo; build-from-source verification of monorepo; decision tripwire documented; second vendored-tarball location,Upgrade discipline,S,Monorepo builds from mirror on clean machine; tripwire criteria written
Harden,Search and scale budget,Keep client-side search within performance budget,search.js size check in CI; documented Pagefind swap plan; link-checker scheduled job,Bilingual HU book,S,CI enforces size budget; link checker green weekly
